frame_idx,left_x,left_y,left_z,right_x,right_y,right_z,n_detections
0,-0.128234,-0.004706,-6.39291,0.099029,-0.022607,-6.249641,3
1,-0.127195,-0.00786,-6.391195,0.098913,-0.022204,-6.271556,3
2,-0.127621,-0.00597,-6.481346,0.097631,-0.02116,-6.310976,3
3,-0.128163,-0.00464,-6.482596,0.097467,-0.0209,-6.306792,3
4,-0.129731,-0.005889,-6.447144,0.097644,-0.021157,-6.327654,3
5,-0.126976,-0.003374,-6.400878,0.096807,-0.020826,-6.288303,3
6,-0.127007,-0.002793,-6.406471,0.096843,-0.020359,-6.297562,3
7,-0.126511,-0.002143,-6.383826,0.096389,-0.020141,-6.281228,3
8,-0.12794,-0.001802,-6.348571,0.097036,-0.019865,-6.298562,3
9,-0.127582,-0.001379,-6.403942,0.097701,-0.019701,-6.32619,3
10,-0.127825,-0.00147,-6.368812,0.097794,-0.019476,-6.322907,3
11,-0.126324,-0.001244,-6.336691,0.097767,-0.019308,-6.31757,3
12,-0.12466,-0.001337,-6.23742,0.098181,-0.019043,-6.30368,3
13,-0.125277,-0.001865,-6.248328,0.097609,-0.018793,-6.249932,3
14,-0.126852,-0.002934,-6.205822,0.099163,-0.018359,-6.248295,3
15,-0.125947,-0.002581,-6.199499,0.099679,-0.018141,-6.195686,3
16,-0.124892,-0.001952,-6.126211,0.100836,-0.01758,-6.194906,3
17,-0.121427,-0.001983,-6.013442,0.101002,-0.017688,-6.198553,3
18,-0.123213,-0.001258,-6.11536,0.101401,-0.018008,-6.198445,3
19,-0.126942,-5e-05,-6.464721,0.101439,-0.018143,-6.161138,3
20,-0.127855,0.001764,-6.362595,0.102126,-0.018963,-6.140385,3
21,-0.126299,0.001652,-6.353621,0.10261,-0.018852,-6.145428,3
22,-0.12596,-0.000445,-6.342932,0.102194,-0.018983,-6.133524,2
23,-0.124888,-0.001756,-6.370926,0.10159,-0.018803,-6.178603,3
24,-0.125445,-0.002423,-6.397149,0.100257,-0.019022,-6.282644,3
25,-0.126893,-0.003292,-6.39877,0.099759,-0.019288,-6.259323,3
26,-0.12735,-0.002752,-6.550671,0.100507,-0.019633,-6.270476,3
27,-0.121421,-0.002349,-6.454016,0.100922,-0.019693,-6.249108,3
28,-0.120177,-0.002163,-6.406838,0.101211,-0.019041,-6.225733,3
29,-0.119417,-0.00096,-6.470638,0.101585,-0.018401,-6.209873,3
30,-0.118943,-0.000559,-6.501228,0.101557,-0.017808,-6.198998,3
31,-0.119264,-0.000578,-6.479875,0.101512,-0.017742,-6.202963,3
32,-0.121627,0.000184,-6.486626,0.102343,-0.017635,-6.240584,3
33,-0.121269,0.001192,-6.486696,0.101915,-0.017125,-6.177923,3
34,-0.119037,0.000383,-6.461716,0.102062,-0.01796,-6.11891,3
35,-0.119813,0.000299,-6.44366,0.102656,-0.017262,-6.197807,3
36,-0.119603,0.000552,-6.466995,0.10284,-0.017547,-6.196085,3
37,-0.121232,0.000441,-6.470534,0.102931,-0.017531,-6.204636,3
38,-0.121954,-0.000126,-6.430642,0.102336,-0.017278,-6.195127,3
39,-0.121571,-0.000462,-6.425882,0.101716,-0.017296,-6.177308,3
40,-0.120685,-0.000335,-6.418721,0.098889,-0.017681,-6.220314,3
41,-0.121481,-0.00122,-6.438435,0.095939,-0.017463,-6.459538,3
42,-0.12207,-0.00341,-6.490439,0.080532,-0.01927,-6.363803,3
43,-0.123101,-0.003622,-6.56807,0.067414,-0.016157,-6.412625,2
44,-0.122239,-0.004053,-6.47544,0.056082,-0.006209,-6.3485,2
45,-0.12236,-0.003696,-6.533103,0.049595,-0.001327,-6.305857,2
46,-0.122163,-0.002984,-6.548541,0.043135,0.006855,-6.16054,2
47,-0.120694,-0.002323,-6.462533,0.04635,0.011558,-6.211476,2
48,-0.119279,-0.002369,-6.539696,0.050889,0.01175,-6.165643,2
49,-0.118359,-0.001533,-6.519947,0.053555,0.009725,-6.165867,2
50,-0.118414,-0.001626,-6.551852,0.058095,0.008604,-6.198861,2
51,-0.120744,-0.001794,-6.456938,0.058897,0.007188,-6.181246,2
52,-0.118217,-0.002175,-6.496405,0.059473,0.005932,-6.14604,2
53,-0.119316,-0.00263,-6.526661,0.059628,0.00349,-6.143371,2
54,-0.120528,-0.002816,-6.546469,0.05881,-0.000318,-6.245268,2
55,-0.121111,-0.002727,-6.456753,0.056885,-0.002339,-6.217645,2
56,-0.119918,-0.003258,-6.473403,0.055688,-0.002742,-6.232542,2
57,-0.119328,-0.00429,-6.436137,0.05344,-0.002779,-6.218888,2
58,-0.119731,-0.005274,-6.449959,0.049874,-0.000169,-6.219616,2
59,-0.118688,-0.005408,-6.413273,0.047417,0.000738,-6.192953,2
60,-0.118733,-0.004755,-6.406511,0.044579,0.002568,-6.236305,2
61,-0.117192,-0.003148,-6.37556,0.041732,0.003947,-6.232666,2
62,-0.116133,-0.002853,-6.34495,0.036695,0.007332,-6.193262,2
63,-0.114809,-0.00323,-6.328075,0.034687,0.008545,-6.198035,2
64,-0.113317,-0.004013,-6.292726,0.030852,0.009378,-6.25318,2
65,-0.113819,-0.004327,-6.286798,0.029322,0.009182,-6.264147,2
66,-0.114056,-0.00447,-6.249099,0.028015,0.009905,-6.299409,2
67,-0.113408,-0.004239,-6.238429,0.028398,0.010811,-6.237984,2
68,-0.113345,-0.004407,-6.252974,0.027167,0.011184,-6.245919,2
69,-0.113546,-0.004466,-6.265819,0.02568,0.012779,-6.246484,2
70,-0.113827,-0.004566,-6.270777,0.024771,0.013744,-6.242293,2
71,-0.114016,-0.004674,-6.262821,0.024915,0.014592,-6.248044,2
72,-0.114225,-0.004298,-6.291675,0.025811,0.014092,-6.259868,2
73,-0.113776,-0.003836,-6.274069,0.026938,0.013282,-6.213612,2
74,-0.113114,-0.003792,-6.235891,0.027939,0.013027,-6.244266,2
75,-0.113132,-0.003783,-6.238395,0.027814,0.012756,-6.244269,2
76,-0.112501,-0.003988,-6.208222,0.02589,0.012709,-6.228008,2
77,-0.114094,-0.004657,-6.254459,0.024947,0.012351,-6.220832,2
78,-0.114277,-0.004555,-6.271842,0.026406,0.011448,-6.253202,2
79,-0.113907,-0.004812,-6.230839,0.027065,0.011523,-6.300842,2
80,-0.113353,-0.004694,-6.208168,0.027089,0.011535,-6.311304,2
81,-0.11359,-0.004514,-6.236971,0.024681,0.011899,-6.208218,2
82,-0.112979,-0.00479,-6.192443,0.025402,0.011676,-6.224849,2
83,-0.113229,-0.00491,-6.203693,0.026946,0.010669,-6.270893,2
84,-0.113265,-0.004309,-6.18627,0.027046,0.010277,-6.269391,2
85,-0.113143,-0.004396,-6.219934,0.02606,0.011112,-6.270969,2
86,-0.113493,-0.004169,-6.202545,0.027012,0.010259,-6.300348,2
87,-0.113448,-0.004714,-6.176926,0.027226,0.009882,-6.30024,2
88,-0.11276,-0.00453,-6.168733,0.026713,0.009269,-6.277374,2
89,-0.113334,-0.004913,-6.173993,0.028004,0.008446,-6.297617,2
90,-0.114056,-0.004675,-6.202393,0.027427,0.008059,-6.280154,2
91,-0.114152,-0.004311,-6.190744,0.026697,0.00732,-6.227027,2
92,-0.114576,-0.004397,-6.242177,0.027176,0.00664,-6.242089,2
93,-0.115649,-0.005045,-6.305768,0.027185,0.005695,-6.251377,2
94,-0.115639,-0.005728,-6.290812,0.028701,0.003604,-6.28824,2
95,-0.115719,-0.00517,-6.257038,0.029648,0.003187,-6.257077,2
96,-0.115013,-0.005204,-6.208422,0.029386,0.002252,-6.262513,2
97,-0.115511,-0.005438,-6.251088,0.031189,0.001575,-6.305357,2
98,-0.115402,-0.005348,-6.253854,0.031346,0.001534,-6.298458,2
99,-0.115597,-0.005474,-6.28516,0.031402,0.000519,-6.239372,2
100,-0.116501,-0.005833,-6.344419,0.033332,0.001335,-6.299775,2
101,-0.115545,-0.005611,-6.39731,0.038127,0.000251,-6.294061,2
102,-0.114701,-0.005169,-6.281072,0.041099,-0.000272,-6.264209,2
103,-0.114086,-0.00542,-6.233882,0.042107,-0.003571,-6.189764,2
104,-0.11342,-0.006098,-6.202587,0.0414,-0.001546,-6.27341,2
105,-0.114761,-0.006735,-6.208564,0.043459,-0.001505,-6.270055,2
106,-0.113887,-0.007314,-6.163315,0.043506,-0.003124,-6.19654,2
107,-0.112614,-0.007554,-6.155059,0.040415,0.001445,-6.167418,2
108,-0.110978,-0.008327,-6.02792,0.036438,0.004095,-6.179106,2
109,-0.113423,-0.008794,-6.112563,0.031266,0.004536,-6.186962,2
110,-0.114486,-0.009118,-6.151695,0.029721,0.004747,-6.16144,2
111,-0.114142,-0.009617,-6.132578,0.02852,0.004781,-6.154889,2
112,-0.113429,-0.008662,-6.108828,0.027958,0.005315,-6.162876,2
113,-0.114958,-0.009087,-6.154867,0.028955,0.003387,-6.115571,2
114,-0.1129,-0.007758,-6.112511,0.029317,0.003922,-6.194536,2
115,-0.112191,-0.007619,-6.059751,0.031265,0.004152,-6.192293,2
116,-0.111964,-0.007607,-6.053633,0.032181,0.00496,-6.229185,2
117,-0.111748,-0.007163,-6.062377,0.033172,0.005833,-6.263798,2
118,-0.112256,-0.007084,-6.09044,0.034784,0.006195,-6.311942,2
119,-0.112481,-0.007911,-6.065019,0.035591,0.005358,-6.260319,2
120,-0.112869,-0.008037,-6.091336,0.037582,0.006239,-6.278485,2
121,-0.113755,-0.008191,-6.178789,0.038725,0.004705,-6.214829,2
122,-0.112892,-0.008259,-6.137251,0.038684,0.004562,-6.224745,2
123,-0.111152,-0.008424,-5.983574,0.039701,0.005002,-6.194692,2
124,-0.114059,-0.008801,-6.138168,0.040341,0.004953,-6.138626,2
125,-0.110819,-0.009359,-5.994623,0.038464,0.00669,-6.08625,2
126,-0.11226,-0.009447,-6.102368,0.034321,0.007486,-6.177932,2
127,-0.112148,-0.009286,-6.054701,0.030716,0.006604,-6.162456,2
128,-0.112534,-0.009361,-6.06665,0.026313,0.007092,-6.226996,2
129,-0.111903,-0.009245,-6.031518,0.026235,0.006,-6.22887,2
130,-0.11413,-0.009377,-6.129865,0.025855,0.005621,-6.252973,2
131,-0.113865,-0.009643,-6.131413,0.02656,0.006546,-6.281724,2
132,-0.111598,-0.008644,-6.042266,0.028973,0.00633,-6.256351,2
133,-0.111344,-0.008869,-6.033621,0.030897,0.006832,-6.298602,2
134,-0.11329,-0.009664,-6.084863,0.030875,0.006724,-6.278345,2
135,-0.112771,-0.009365,-6.099245,0.030063,0.006717,-6.264383,2
136,-0.11208,-0.009801,-6.030783,0.032134,0.007349,-6.288888,2
137,-0.111498,-0.009989,-6.004307,0.033084,0.005271,-6.288071,2
138,-0.111509,-0.010058,-6.016629,0.03463,0.0049,-6.25552,2
139,-0.110443,-0.009702,-5.960568,0.039836,0.004248,-6.220477,2
140,-0.112154,-0.009942,-6.048792,0.042433,0.00272,-6.188332,2
141,-0.112817,-0.010583,-6.124974,0.04523,0.002908,-6.183678,2
142,-0.114257,-0.011354,-6.131941,0.044094,0.003267,-6.118814,2
143,-0.115194,-0.012019,-6.183912,0.039423,0.00509,-6.073628,2
144,-0.113342,-0.012042,-6.162491,0.034353,0.005255,-6.111794,2
145,-0.113389,-0.01193,-6.16329,0.032802,0.004177,-6.194222,2
146,-0.114028,-0.011863,-6.194981,0.032514,0.004437,-6.223027,2
147,-0.113055,-0.011518,-6.198199,0.032464,0.004702,-6.263277,2
148,-0.113871,-0.011774,-6.163826,0.032766,0.003887,-6.292575,2
149,-0.113674,-0.012179,-6.163666,0.035519,0.005529,-6.324493,2
150,-0.113858,-0.01218,-6.161052,0.03879,0.006177,-6.37637,2
151,-0.113764,-0.012161,-6.142551,0.041344,0.007099,-6.411544,2
152,-0.114695,-0.01216,-6.133813,0.043643,0.006485,-6.439974,2
153,-0.11347,-0.012369,-6.126467,0.043749,0.005238,-6.435825,2
154,-0.114121,-0.0119,-6.155046,0.043541,0.005122,-6.409874,2
155,-0.112878,-0.011846,-6.075837,0.042399,0.007066,-6.346521,2
156,-0.113166,-0.012518,-6.061884,0.040973,0.007528,-6.276878,2
157,-0.115103,-0.012045,-6.163565,0.036064,0.006944,-6.324472,2
158,-0.113812,-0.011835,-6.146829,0.033236,0.006417,-6.409123,2
159,-0.115433,-0.011525,-6.16726,0.030401,0.005658,-6.463675,2
160,-0.114265,-0.011214,-6.106215,0.031148,0.004987,-6.438926,2
161,-0.115543,-0.012058,-6.165069,0.035628,0.006378,-6.436549,2
162,-0.115139,-0.011794,-6.153121,0.038262,0.00575,-6.46139,2
163,-0.114884,-0.010958,-6.200783,0.039,0.006104,-6.459301,2
164,-0.113609,-0.01026,-6.10515,0.038804,0.006187,-6.449048,2
165,-0.113962,-0.00987,-6.22348,0.041266,0.00693,-6.325289,2
166,-0.113408,-0.009781,-6.155245,0.039532,0.008143,-6.352423,2
167,-0.112829,-0.011791,-6.25966,0.033633,0.007305,-6.414679,2
168,-0.114173,-0.013119,-6.372075,0.030046,0.006047,-6.395657,2
169,-0.113207,-0.012145,-6.281663,0.029313,0.004656,-6.407354,2
170,-0.114265,-0.011983,-6.245227,0.033379,0.004408,-6.434579,2
171,-0.115503,-0.012117,-6.225487,0.040646,0.003535,-6.447347,2
172,-0.114531,-0.0127,-6.118394,0.041666,0.004285,-6.424642,2
173,-0.113011,-0.012356,-6.101547,0.041859,0.004177,-6.417298,2
174,-0.11307,-0.012549,-6.092661,0.041682,0.003421,-6.436697,2
175,-0.114467,-0.012841,-6.116931,0.040749,0.004349,-6.331981,2
176,-0.115256,-0.013506,-6.193237,0.038097,0.005599,-6.358839,2
177,-0.11553,-0.014612,-6.220949,0.031259,0.004967,-6.407969,2
178,-0.115779,-0.014781,-6.224212,0.029855,0.004452,-6.432608,2
179,-0.117097,-0.014879,-6.269875,0.036266,0.004163,-6.492304,2
180,-0.118021,-0.014838,-6.264819,0.041115,0.002507,-6.447475,2
181,-0.11671,-0.015364,-6.266531,0.040079,0.002364,-6.445491,2
182,-0.116561,-0.015184,-6.25852,0.041328,0.002025,-6.414726,2
183,-0.116372,-0.014566,-6.279079,0.045271,0.000557,-6.38332,2
184,-0.116618,-0.014473,-6.308129,0.046223,-0.000517,-6.369964,2
185,-0.116971,-0.014551,-6.341126,0.047199,-0.001256,-6.325894,2
186,-0.11689,-0.014593,-6.371262,0.052976,0.000293,-6.130413,2
187,-0.11614,-0.0134,-6.28061,0.084331,0.008516,-6.349168,2
188,-0.115279,-0.012589,-6.212817,0.120378,0.009179,-6.777866,2
189,-0.115451,-0.012016,-6.201228,0.129453,0.006083,-6.952315,2
190,-0.115441,-0.012214,-6.185898,0.094223,0.00446,-6.530674,2
191,-0.116327,-0.012035,-6.250405,0.052879,-0.002306,-6.167467,2
192,-0.115279,-0.011891,-6.190029,0.043488,-0.004628,-6.118142,2
193,-0.114977,-0.01217,-6.27827,0.03557,-0.003629,-6.117031,2
194,-0.114805,-0.012138,-6.31013,0.034409,-0.003217,-6.118151,2
195,-0.115409,-0.012897,-6.322524,0.03361,-0.00396,-6.128608,2
196,-0.116831,-0.013204,-6.44051,0.032644,-0.003808,-6.16572,2
197,-0.116291,-0.01214,-6.39082,0.033362,-0.00368,-6.28137,2
198,-0.117186,-0.012246,-6.432035,0.031529,-0.003296,-6.21455,2
199,-0.116633,-0.012852,-6.395714,0.030631,-0.002948,-6.290825,2
200,-0.117779,-0.013273,-6.453025,0.031303,-0.003323,-6.282993,2
201,-0.117684,-0.013134,-6.372173,0.033921,-0.000187,-6.318435,2
202,-0.118573,-0.013515,-6.4318,0.035974,0.001392,-6.292172,2
203,-0.117812,-0.014036,-6.381096,0.040697,0.003075,-6.393032,2
204,-0.116268,-0.013043,-6.307915,0.04377,0.002118,-6.360776,2
205,-0.116901,-0.012934,-6.345794,0.045293,0.001934,-6.297608,2
206,-0.117151,-0.012951,-6.363844,0.048156,6.4e-05,-6.23311,2
207,-0.11716,-0.013808,-6.388786,0.049587,-0.002383,-6.235763,2
208,-0.117469,-0.014127,-6.414148,0.049128,-0.002633,-6.229411,2
209,-0.117656,-0.013953,-6.414294,0.048153,-0.002168,-6.190037,2
210,-0.118448,-0.013658,-6.474133,0.045567,-0.001646,-6.120715,2
211,-0.118625,-0.013595,-6.495138,0.043836,-0.002462,-6.08879,2
212,-0.117306,-0.013993,-6.43333,0.041728,-0.001986,-6.170356,2
213,-0.119744,-0.013683,-6.485171,0.042139,-0.003116,-6.217026,2
214,-0.118656,-0.013137,-6.416674,0.044165,-0.003033,-6.268905,2
215,-0.118437,-0.013783,-6.411487,0.045402,-0.002754,-6.273555,2
216,-0.118917,-0.014262,-6.502319,0.046834,-0.002562,-6.263308,2
217,-0.118082,-0.013896,-6.480568,0.047634,-0.002832,-6.264454,2
218,-0.115854,-0.013905,-6.362108,0.047794,-0.003458,-6.271097,2
219,-0.116925,-0.013947,-6.412163,0.048349,-0.004516,-6.256633,2
220,-0.116921,-0.014132,-6.397126,0.048013,-0.004551,-6.242722,2
221,-0.116628,-0.012572,-6.321034,0.062783,0.005937,-6.061819,2
222,-0.116898,-0.011709,-6.2795,0.101331,0.020233,-6.329268,2
223,-0.114979,-0.011155,-6.191392,0.092195,0.012287,-9.70771,2
224,-0.113423,-0.011142,-6.128309,0.131499,0.010921,-8.083731,2
225,-0.113053,-0.013238,-6.13301,0.151152,0.010238,-7.271742,3
226,-0.115038,-0.01205,-6.220072,0.170804,0.009556,-6.459753,1
227,-0.115566,-0.009799,-6.154747,0.170804,0.009556,-6.459753,2
228,-0.114702,-0.011422,-6.25539,0.170804,0.009556,-6.459753,2
229,-0.115064,-0.010941,-6.233148,0.170804,0.009556,-6.459753,3
230,-0.115037,-0.0113,-6.255107,0.170804,0.009556,-6.459753,2
231,-0.113039,-0.01078,-6.113243,0.170804,0.009556,-6.459753,2
232,-0.113725,-0.010224,-6.112319,0.283821,0.03424,-11.127555,3
233,-0.119046,-0.011457,-6.655043,0.396839,0.058924,-15.795357,1
234,-0.124367,-0.01269,-7.197767,0.396839,0.058924,-15.795357,1
235,-0.123367,-0.011887,-7.295153,0.396839,0.058924,-15.795357,1
236,-0.120217,-0.010421,-7.230588,0.396839,0.058924,-15.795357,1
237,-0.116942,-0.00925,-6.685249,0.252196,0.077948,-11.542927,3
238,-0.113667,-0.008079,-6.13991,0.179874,0.08746,-9.416712,2
239,-0.111236,-0.010695,-6.111115,0.107553,0.096973,-7.290497,2
240,-0.111841,-0.010856,-5.973817,0.107553,0.096973,-7.290497,2
241,-0.114977,-0.008563,-5.933543,0.107553,0.096973,-7.290497,2
242,-0.115131,-0.009307,-5.974418,0.107553,0.096973,-7.290497,1
243,-0.116731,-0.010324,-6.116762,0.107553,0.096973,-7.290497,1
244,-0.114409,-0.009779,-6.000537,0.107553,0.096973,-7.290497,1
245,-0.115982,-0.007925,-6.104786,0.107553,0.096973,-7.290497,1
246,-0.120874,-0.008654,-6.393715,0.107553,0.096973,-7.290497,1
247,-0.117249,-0.00712,-6.055451,0.107553,0.096973,-7.290497,1
248,-0.11527,-0.010324,-5.926411,0.107553,0.096973,-7.290497,2
249,-0.114955,-0.007773,-6.097934,0.107553,0.096973,-7.290497,2
250,-0.110296,-0.008981,-5.884872,0.107553,0.096973,-7.290497,2
251,-0.11069,-0.007438,-6.051116,0.076996,0.07623,-6.649708,2
252,-0.111569,-0.006915,-6.090922,0.046439,0.055488,-6.008918,2
253,-0.111455,-0.00686,-6.006577,0.053913,0.003692,-6.13774,2
254,-0.112405,-0.006905,-5.982481,0.047034,-0.022319,-6.299382,3
255,-0.116787,-0.007728,-6.152398,0.042127,-0.034695,-6.531961,3
256,-0.112844,-0.008193,-6.007599,0.03722,-0.047071,-6.764541,5
257,-0.114094,-0.010445,-6.01881,0.03635,-0.04231,-6.409567,3
258,-0.11758,-0.00964,-6.251863,0.033087,-0.039942,-6.424616,3
259,-0.114163,-0.009918,-6.094454,0.025794,-0.035283,-6.437767,3
260,-0.114258,-0.008905,-6.088476,0.023898,-0.03593,-6.458912,3
261,-0.113193,-0.009249,-6.059068,0.018553,-0.037384,-6.531414,3
262,-0.115551,-0.009328,-6.11507,0.011192,-0.042678,-6.90997,3
263,-0.114356,-0.009447,-6.069944,0.004995,-0.041575,-6.446877,2
264,-0.113994,-0.010448,-6.022747,0.007281,-0.042947,-6.523315,3
265,-0.114055,-0.010268,-6.043531,0.00704,-0.043774,-6.523389,3
266,-0.112687,-0.010716,-5.918806,0.004367,-0.046648,-6.632213,3
267,-0.114699,-0.011469,-6.062254,0.003086,-0.049514,-6.674303,3
268,-0.114485,-0.011503,-6.055374,0.008545,-0.056957,-7.069181,3
269,-0.114241,-0.011418,-6.042003,0.007329,-0.059674,-7.220132,3
270,-0.114071,-0.01161,-5.972984,0.006968,-0.052512,-6.82315,3
271,-0.114651,-0.011666,-6.062195,0.007425,-0.050229,-6.739695,3
272,-0.11509,-0.009714,-6.015016,0.005102,-0.047666,-6.639248,4
273,-0.113826,-0.010576,-5.991985,0.004289,-0.047419,-6.620041,4
274,-0.114115,-0.010753,-5.973502,0.006614,-0.043763,-6.46292,3
275,-0.112748,-0.010134,-5.969588,0.008615,-0.041991,-6.271785,2
276,-0.113925,-0.010119,-6.018925,0.008704,-0.041385,-6.605758,2
277,-0.115648,-0.010187,-6.106913,0.008598,-0.04255,-6.771124,4
278,-0.114505,-0.010306,-6.014586,0.008351,-0.048567,-7.069337,2
279,-0.114505,-0.010306,-6.014586,0.005658,-0.051914,-7.344381,1
280,-0.115156,-0.011938,-6.086485,0.002965,-0.055261,-7.619426,3
281,-0.063105,-0.042978,-7.321719,0.002965,-0.055261,-7.619426,1
282,-0.037599,-0.057355,-7.72901,0.002965,-0.055261,-7.619426,1
283,-0.012092,-0.071733,-8.136301,0.002965,-0.055261,-7.619426,1
284,-0.014306,-0.072738,-8.162537,0.002965,-0.055261,-7.619426,3
285,-0.014466,-0.073382,-8.246187,0.002965,-0.055261,-7.619426,1
286,-0.017127,-0.072183,-8.227046,0.002965,-0.055261,-7.619426,3
287,-0.019431,-0.070648,-8.240702,0.002965,-0.055261,-7.619426,3
288,-0.021459,-0.07052,-8.607493,0.002965,-0.055261,-7.619426,5
289,-0.020472,-0.070134,-8.303619,0.002965,-0.055261,-7.619426,2
290,-0.019486,-0.069747,-7.999744,0.002965,-0.055261,-7.619426,2
291,-0.019617,-0.073056,-8.109011,0.002965,-0.055261,-7.619426,2
292,-0.021004,-0.076514,-8.575797,0.002965,-0.055261,-7.619426,2
293,-0.021028,-0.077976,-8.495973,0.002965,-0.055261,-7.619426,2
294,-0.019411,-0.080344,-8.504855,0.002965,-0.055261,-7.619426,2
295,-0.020551,-0.082696,-8.447957,0.002965,-0.055261,-7.619426,2
296,-0.021957,-0.088169,-8.790463,0.002965,-0.055261,-7.619426,2
297,-0.020584,-0.086185,-8.27216,0.002965,-0.055261,-7.619426,2
298,-0.019211,-0.084202,-7.753856,0.002965,-0.055261,-7.619426,3
299,-0.018743,-0.083105,-7.694124,0.002965,-0.055261,-7.619426,3
300,-0.022572,-0.07916,-7.53761,0.002965,-0.055261,-7.619426,1
301,-0.027436,-0.078949,-7.470111,0.002965,-0.055261,-7.619426,1
302,-0.029101,-0.076006,-7.358679,0.002965,-0.055261,-7.619426,1
303,-0.0286,-0.075757,-7.502903,0.002965,-0.055261,-7.619426,3
304,-0.022177,-0.082345,-7.677211,0.002965,-0.055261,-7.619426,2
305,-0.015755,-0.088933,-7.851519,0.002965,-0.055261,-7.619426,2
306,-0.002983,-0.086981,-8.070928,0.002965,-0.055261,-7.619426,2
307,-0.058551,-0.048018,-7.013587,0.003269,-0.081965,-7.56427,2
308,-0.114118,-0.009055,-5.956245,0.009522,-0.074393,-7.36508,3
309,-0.114596,-0.009768,-5.999698,0.010803,-0.068163,-7.238465,3
310,-0.115875,-0.009173,-6.050725,0.011403,-0.060742,-6.938454,3
311,-0.113663,-0.008948,-6.00377,0.011405,-0.059481,-6.901362,3
312,-0.116718,-0.006196,-6.0889,0.015706,-0.062284,-6.952141,3
313,-0.120821,-0.005097,-6.266837,0.022119,-0.068368,-6.924791,3
314,-0.12487,-0.005368,-6.355739,0.031745,-0.075258,-6.830582,2
315,-0.124905,-0.004129,-6.324216,0.035092,-0.0775,-6.700567,2
316,-0.133688,0.000263,-6.412062,0.032809,-0.0779,-6.498828,3
317,-0.137722,0.00106,-6.411908,0.031453,-0.076643,-6.557242,3
318,-0.141767,0.002354,-6.555006,0.031502,-0.07371,-6.563976,5
319,-0.140851,0.002119,-6.559276,0.033503,-0.071494,-6.652282,3
320,-0.142317,0.001828,-6.535243,0.0368,-0.068049,-6.61716,4
321,-0.146794,0.000344,-6.650513,0.039786,-0.06785,-6.591112,4
322,-0.146797,-0.002385,-6.707631,0.040937,-0.06712,-6.566459,3
323,-0.144659,-0.003262,-6.672765,0.043278,-0.066567,-6.562069,3
324,-0.14113,-0.003663,-6.642472,0.044728,-0.065307,-6.479566,3
325,-0.139862,-0.004081,-6.624108,0.047397,-0.065687,-6.521822,3
326,-0.135922,-0.005809,-6.602887,0.048414,-0.065853,-6.62228,3
327,-0.134632,-0.004976,-6.618101,0.045959,-0.065131,-6.588148,3
328,-0.131246,-0.006188,-6.646332,0.044934,-0.064104,-6.623773,3
329,-0.130596,-0.004839,-6.741263,0.043592,-0.064676,-6.649001,3
330,-0.12915,-0.004339,-6.75829,0.043131,-0.062275,-6.607541,3
331,-0.130751,-0.0029,-6.743764,0.045092,-0.062828,-6.569343,2
332,-0.140747,0.005714,-6.990583,0.049665,-0.065349,-6.695405,3
333,-0.135657,0.012794,-6.827868,0.049664,-0.06612,-6.753934,2
334,-0.127184,0.023545,-6.793594,0.044963,-0.064868,-6.804242,4
335,-0.124397,0.022935,-6.743268,0.04471,-0.066288,-6.802829,4
336,-0.125605,0.025724,-6.875651,0.043518,-0.067161,-6.793077,4
337,-0.130528,0.022386,-7.028531,0.045671,-0.069156,-6.81162,4
338,-0.131761,0.029459,-7.159411,0.047335,-0.069441,-6.810443,4
339,-0.13565,0.034909,-7.06143,0.049179,-0.068677,-6.666033,4
340,-0.133728,0.028635,-6.991209,0.056009,-0.074055,-7.121357,4
341,-0.131825,0.025445,-7.093901,0.074085,-0.067823,-7.028261,4
342,-0.135126,0.02764,-7.202592,0.101527,-0.051209,-7.458629,4
343,-0.146054,0.038651,-7.017456,0.106473,-0.035712,-7.233286,3
344,-0.156823,0.033751,-6.563388,0.111418,-0.020215,-7.007943,2
345,-0.156823,0.033751,-6.563388,0.103811,-0.021682,-7.159394,1
346,-0.192898,0.023685,-7.969037,0.08363,-0.029121,-7.097575,2
347,-0.228973,0.013619,-9.374687,0.08199,-0.032911,-7.212972,2
348,-0.226174,0.000334,-9.083008,0.077598,-0.035246,-6.921671,2
349,-0.223195,-0.004502,-9.04566,0.080569,-0.036339,-7.108058,2
350,-0.222386,0.000221,-8.574777,0.083917,-0.035733,-7.059455,2
351,-0.221577,0.004944,-8.103894,0.086186,-0.03689,-7.082244,2
352,-0.235079,0.013817,-8.740819,0.077166,-0.030323,-6.959882,2
353,-0.24858,0.02269,-9.377744,0.054723,-0.032244,-6.848938,2
354,-0.198915,0.013094,-8.238779,0.027042,-0.046434,-7.022263,2
355,-0.14925,0.003497,-7.099813,0.025855,-0.048414,-7.122235,2
356,-0.139944,0.006147,-7.043338,0.030313,-0.046747,-7.11728,2
357,-0.138329,0.005658,-7.086914,0.029414,-0.047032,-7.149039,2
358,-0.138303,0.006226,-7.333309,0.02885,-0.048622,-7.206576,2
359,-0.138066,0.00608,-7.35481,0.029485,-0.049275,-7.275312,2
360,-0.135096,0.00285,-7.228397,0.027858,-0.048981,-7.231681,2
361,-0.131294,0.002788,-7.201329,0.026847,-0.049312,-7.297764,2
362,-0.125695,0.003579,-7.213527,0.025625,-0.048103,-7.32976,2
363,-0.124284,0.005189,-7.288711,0.024255,-0.047032,-7.37026,2
364,-0.120937,0.007737,-7.243565,0.022191,-0.045497,-7.395659,2
365,-0.118835,0.00808,-7.213477,0.020505,-0.042875,-7.344018,2
366,-0.117548,0.009106,-7.195647,0.02031,-0.042961,-7.341553,2
367,-0.11694,0.008794,-7.197195,0.022295,-0.045003,-7.198648,2
368,-0.121374,0.011915,-7.115191,0.030732,-0.043,-7.071267,2
369,-0.127814,0.014105,-6.712838,0.034763,-0.038335,-6.948201,2
370,-0.124111,0.022216,-6.974462,0.031332,-0.03164,-6.92826,2
371,-0.115698,0.024073,-6.918142,0.025525,-0.025545,-6.951589,2
372,-0.112543,0.026045,-6.812798,0.018322,-0.021644,-6.991782,2
373,-0.112351,0.027286,-6.929603,0.01763,-0.021526,-6.972593,2
374,-0.111817,0.027067,-6.927483,0.018575,-0.023287,-7.003236,2
375,-0.109438,0.026047,-6.813819,0.02031,-0.024256,-6.951202,2
376,-0.107684,0.028335,-6.884981,0.020974,-0.023699,-6.931203,2
377,-0.104917,0.029357,-6.832887,0.020482,-0.021724,-6.913529,2
378,-0.102197,0.029392,-6.800335,0.021636,-0.019615,-6.882986,2
379,-0.102391,0.03047,-6.872885,0.020918,-0.018589,-6.847558,2
380,-0.100261,0.030745,-6.918241,0.018974,-0.017659,-6.807968,2
381,-0.097084,0.029803,-6.822519,0.018636,-0.017301,-6.842737,2
382,-0.096316,0.028518,-6.914364,0.017254,-0.016902,-6.821715,2
383,-0.09538,0.027279,-6.874677,0.016481,-0.017622,-6.823621,2
384,-0.100305,0.026688,-6.796598,0.016451,-0.0225,-6.95738,2
385,-0.103754,0.026375,-6.815407,0.018327,-0.025187,-6.715246,2
386,-0.111108,0.024278,-6.860409,0.026494,-0.03039,-6.793049,2
387,-0.112301,0.020302,-6.979866,0.026731,-0.031766,-6.897594,2
388,-0.107397,0.023482,-7.038673,0.025356,-0.029953,-6.983026,2
389,-0.106318,0.026112,-7.035169,0.024383,-0.029465,-7.027108,2
390,-0.105467,0.025199,-7.009914,0.023875,-0.029491,-7.108937,2
391,-0.105407,0.028205,-7.071818,0.021417,-0.027073,-6.945607,2
392,-0.103662,0.025849,-6.984281,0.019545,-0.026017,-6.921431,2
393,-0.101254,0.027279,-6.956012,0.019995,-0.025508,-6.894784,2
394,-0.100969,0.025892,-6.93993,0.019335,-0.024814,-6.877821,2
395,-0.100572,0.02549,-6.962422,0.019731,-0.025017,-6.802447,2
396,-0.100841,0.026775,-6.978313,0.018179,-0.024413,-6.74619,2
397,-0.099716,0.02779,-7.018292,0.016534,-0.023199,-6.756787,2
398,-0.099726,0.028337,-7.095884,0.017106,-0.023281,-6.765966,2
399,-0.098747,0.028936,-7.186052,0.01777,-0.02335,-6.753083,2
400,-0.098978,0.02907,-7.241815,0.016862,-0.023625,-6.740973,2
401,-0.099654,0.029619,-7.283871,0.016663,-0.023532,-6.732224,2
402,-0.10051,0.028828,-7.271396,0.017636,-0.025324,-6.761057,2
403,-0.100182,0.030577,-7.210139,0.016833,-0.026964,-6.750352,2
404,-0.109796,0.026564,-7.068224,0.051109,-0.028159,-6.590198,2
405,-0.12139,0.023272,-7.104391,0.079586,-0.03118,-6.66609,2
406,-0.119268,0.023527,-7.111705,0.095322,-0.03827,-7.117534,2
407,-0.112651,0.023972,-7.048755,0.111058,-0.045361,-7.568979,2
408,-0.108418,0.022864,-7.010471,0.10415,-0.04677,-7.413799,2
409,-0.106964,0.021948,-7.000787,0.101498,-0.044764,-7.366487,2
410,-0.105861,0.021591,-7.011894,0.097881,-0.045593,-7.252035,2
411,-0.107598,0.022446,-7.092754,0.099728,-0.047403,-7.272094,2
412,-0.107298,0.021269,-7.067195,0.094504,-0.046103,-6.802463,2
413,-0.107095,0.019536,-6.985464,0.092325,-0.047153,-6.732001,2
414,-0.109501,0.018667,-7.012849,0.087883,-0.049132,-6.817964,2
415,-0.109304,0.019181,-7.000917,0.088262,-0.052751,-6.915302,2
416,-0.109134,0.018698,-6.942024,0.089556,-0.056409,-6.875991,2
417,-0.1104,0.019094,-7.025375,0.08607,-0.055459,-6.872059,2
418,-0.109457,0.018277,-6.951096,0.085547,-0.055241,-6.973976,2
419,-0.10974,0.018311,-6.951074,0.084732,-0.056041,-7.000971,2
420,-0.110435,0.017324,-6.872856,0.082128,-0.057519,-6.939366,2
421,-0.111401,0.017534,-6.849815,0.085914,-0.057655,-7.046192,2
422,-0.112026,0.015725,-6.756683,0.092438,-0.052771,-7.156084,2
423,-0.113612,0.015934,-6.824532,0.091362,-0.045862,-7.098188,2
424,-0.113935,0.014348,-6.802684,0.062198,-0.056669,-7.025924,3
425,-0.113874,0.015316,-6.795097,0.039517,-0.070408,-7.100619,3
426,-0.113034,0.015601,-6.784359,0.016836,-0.084146,-7.175314,3
427,-0.113313,0.015497,-6.790589,0.011855,-0.086763,-7.030112,3
428,-0.113884,0.015171,-6.786787,0.004665,-0.086942,-7.266738,3
429,-0.113422,0.014365,-6.790369,0.001376,-0.08368,-7.320332,3
430,-0.113922,0.014918,-6.790326,0.001376,-0.08368,-7.320332,3
431,-0.113757,0.01433,-6.801399,0.001376,-0.08368,-7.320332,3
432,-0.115124,0.01558,-6.852767,0.001376,-0.08368,-7.320332,3
433,-0.11544,0.015442,-6.874444,0.001376,-0.08368,-7.320332,3
434,-0.117496,0.015969,-6.968019,0.001376,-0.08368,-7.320332,3
435,-0.118003,0.016092,-7.003862,0.001376,-0.08368,-7.320332,2
436,-0.117077,0.017381,-7.049358,0.001376,-0.08368,-7.320332,2
437,-0.116693,0.01736,-7.032845,0.001376,-0.08368,-7.320332,2
438,-0.115227,0.01721,-6.976913,0.001376,-0.08368,-7.320332,2
439,-0.114379,0.016837,-6.936669,0.001376,-0.08368,-7.320332,2
440,-0.11586,0.018055,-7.032261,0.001376,-0.08368,-7.320332,2
441,-0.114357,0.017977,-6.951233,0.001376,-0.08368,-7.320332,2
442,-0.113659,0.016053,-6.916417,0.00026,-0.080445,-6.91377,3
443,-0.11389,0.015481,-6.885324,0.008954,-0.077113,-6.847673,4
444,-0.115422,0.01652,-6.898037,0.013571,-0.068562,-6.717639,4
445,-0.115495,0.01608,-6.838561,0.012044,-0.067165,-6.758772,4
446,-0.115507,0.01629,-6.824464,0.011413,-0.069119,-6.772047,4
447,-0.115124,0.015493,-6.838875,0.013711,-0.073241,-6.775955,4
448,-0.115607,0.014862,-6.859663,0.013982,-0.073244,-6.721102,4
449,-0.115051,0.014558,-6.814018,0.0166,-0.071774,-6.762453,4
450,-0.115498,0.014906,-6.843668,0.020053,-0.06699,-6.597814,4
451,-0.115708,0.01562,-6.844771,0.029849,-0.06706,-6.754147,4
452,-0.115389,0.015305,-6.828572,0.04989,-0.065125,-6.743797,4
453,-0.114501,0.015492,-6.818139,0.054814,-0.067958,-7.234763,4
454,-0.115735,0.015024,-6.859151,0.060011,-0.055178,-6.804617,2
455,-0.114994,0.015101,-6.83247,0.061023,-0.051657,-6.759951,2
456,-0.115023,0.015396,-6.829483,0.064095,-0.042266,-6.585661,2
457,-0.114596,0.014858,-6.81632,0.069662,-0.033562,-6.727365,2
458,-0.115499,0.015175,-6.864421,0.067328,-0.024897,-6.780364,2
459,-0.115719,0.015057,-6.856256,0.061367,-0.025333,-6.841893,2
460,-0.116105,0.014764,-6.827665,0.062583,-0.02699,-6.846363,2
461,-0.116451,0.015043,-6.837508,0.066863,-0.031725,-6.823628,2
462,-0.115388,0.014803,-6.804812,0.076624,-0.041151,-6.775969,2
463,-0.115051,0.014075,-6.781254,0.085328,-0.047967,-6.968302,2
464,-0.115802,0.014432,-6.808699,0.094003,-0.050584,-6.941951,2
465,-0.115566,0.014272,-6.795596,0.089873,-0.048747,-6.790532,2
466,-0.114968,0.013643,-6.814443,0.049637,-0.062627,-6.717699,3
467,-0.114577,0.014017,-6.81078,0.028872,-0.078304,-6.939544,3
468,-0.112565,0.014252,-6.726694,0.021376,-0.083459,-6.898123,3
469,-0.109921,0.01536,-6.690593,0.021989,-0.084614,-6.91499,3
470,-0.107914,0.016908,-6.66429,0.024753,-0.083598,-6.848043,3
471,-0.105996,0.019684,-6.635924,0.031861,-0.085601,-7.106261,3
472,-0.105454,0.019075,-6.628005,0.032171,-0.085461,-7.011429,3
473,-0.103653,0.01845,-6.570993,0.031625,-0.083733,-6.906301,3
474,-0.102224,0.0193,-6.574696,0.030927,-0.082645,-6.837036,3
475,-0.099025,0.020631,-6.547539,0.030441,-0.080248,-6.766417,3
476,-0.097812,0.021322,-6.529042,0.029994,-0.077864,-6.544095,3
477,-0.096243,0.021671,-6.530419,0.033449,-0.077674,-6.59733,3
478,-0.09706,0.02205,-6.512247,0.034363,-0.077195,-6.513013,3
479,-0.096073,0.02317,-6.493644,0.036651,-0.080861,-6.726617,3
480,-0.094712,0.023747,-6.556722,0.037571,-0.080475,-6.619278,3
481,-0.094905,0.022076,-6.496267,0.039065,-0.08077,-6.587297,3
482,-0.094711,0.021824,-6.507837,0.039885,-0.081101,-6.569507,3
483,-0.096864,0.021222,-6.533963,0.042061,-0.084946,-6.850421,3
484,-0.096421,0.021518,-6.542186,0.041577,-0.084079,-6.741428,2
485,-0.096748,0.021845,-6.617839,0.041134,-0.083201,-6.509401,3
486,-0.097085,0.021886,-6.642478,0.041107,-0.083051,-6.55884,3
487,-0.09613,0.022806,-6.705879,0.04106,-0.084125,-6.65755,3
488,-0.099042,0.024153,-6.894553,0.040573,-0.085367,-6.749932,2
489,-0.097054,0.024376,-6.855137,0.040586,-0.084749,-6.584936,3
490,-0.096707,0.024011,-6.876166,0.039233,-0.085049,-6.668827,3
491,-0.097902,0.024778,-6.924957,0.033596,-0.081674,-6.543546,3
492,-0.098097,0.025737,-6.958355,0.030881,-0.082412,-6.767814,3
493,-0.099179,0.0248,-6.93361,0.023503,-0.079822,-6.920773,3
494,-0.101201,0.025079,-6.971953,0.020547,-0.076481,-6.828321,3
495,-0.126707,0.020153,-7.081095,0.019743,-0.074007,-6.805472,4
